{
    "ROUGE-1-mean-epoch-1": 0.1513157894736842,
    "ROUGE-1-mean-epoch-2": 0.13486842105263158,
    "Epochs": 2,
    "Model name": "Llama-3",
    "Top-P": 0.95,
    "Temperature": 0.6,
    "Max new tokens": 4,
    "Analyzed questions": 76.0,
    "ROUGE-1 Mean Score": 0.13486842105263158,
    "Few-Shots": 1
}