{
    "ROUGE-1-mean-epoch-1": 0.013157894736842105,
    "ROUGE-1-mean-epoch-2": 0.006578947368421052,
    "Epochs": 2,
    "Model name": "Llama-3",
    "Top-P": 0.95,
    "Temperature": 0.6,
    "Max new tokens": 4,
    "Analyzed questions": 76.0,
    "ROUGE-1 Mean Score": 0.006578947368421052,
    "Few-Shots": 0
}