{
    "ROUGE-1-mean-epoch-1": 0.19145833333333337,
    "ROUGE-1-mean-epoch-2": 0.18302083333333335,
    "Epochs": 2,
    "Model name": "LLaMAntino-3",
    "Top-P": 0.95,
    "Temperature": 0.6,
    "Max new tokens": 8,
    "Analyzed questions": 80.0,
    "ROUGE-1 Mean Score": 0.18302083333333335
}