{"ROUGE-1-mean-epoch-1": 0.2516666666666666, "ROUGE-1-mean-epoch-2": 0.24697916666666664, "Epochs": 2, "Model name": "LLaMAntino-3", "Top-P": 0.95, "Temperature": 0.6, "Max new tokens": 8, "Analyzed questions": 80.0, "ROUGE-1 Mean Score": 0.24697916666666664, "Few-Shots": 1}