{"ROUGE-1-mean-epoch-1": 0.20666666666666672, "ROUGE-1-mean-epoch-2": 0.20187500000000008, "Epochs": 2, "Model name": "Llama-3", "Top-P": 0.95, "Temperature": 0.6, "Max new tokens": 8, "Analyzed questions": 80.0, "ROUGE-1 Mean Score": 0.20187500000000008, "Few-Shots": 1}