{
    "ROUGE-1-mean-epoch-1": 0.23684210526315788,
    "ROUGE-1-mean-epoch-2": 0.24013157894736842,
    "Epochs": 2,
    "Model name": "LLaMAntino-3",
    "Top-P": 0.95,
    "Temperature": 0.6,
    "Max new tokens": 4,
    "Analyzed questions": 76.0,
    "ROUGE-1 Mean Score": 0.24013157894736842,
    "Few-Shots": 1
}