{
    "ROUGE-1-mean-epoch-1": 0.2631578947368421,
    "ROUGE-1-mean-epoch-2": 0.2598684210526316,
    "Epochs": 2,
    "Model name": "LLaMAntino-3",
    "Top-P": 0.95,
    "Temperature": 0.6,
    "Max new tokens": 4,
    "Analyzed questions": 76.0,
    "ROUGE-1 Mean Score": 0.2598684210526316,
    "Few-Shots": 2
}